Workbook

Sheet Property Data (Raw)
A1: Property ID | B1: Property Name | C1: City | D1: Property Type | E1: Total Area (sqft) | F1: Lease Status | G1: Tenant Name | H1: Lease Start Date | I1: Monthly Rent (INR)
A2: P001 | B2: Skyline Towers | C2: Bengaluru | D2: Office | E2: 45000 | F2: Active | G2: TechNova Pvt Ltd | H2: 2023-04-01 | I2: 1800000
A3: P002 | B3: Skyline Towers | C3: Bengaluru | D3: Office | E3: 45000 | F3: Active | G3: TechNova Pvt Ltd | H3: 2023-04-01 | I3: 1800000
A4: P003 | B4: Orion Business Park | C4: hyderabad | D4: Office | E4: 62000 | F4: Active | G4: Vertex Solutions | H4: 01-11-2022 | I4: 2450000
A5: P004 | B5: Orion Business Park | C5: Hyderabad | D5: office | E5: 62000 | F5: active | G5: Vertex Solutions | H5: 01-11-2022 | I5: 2450000
A6: P005 | B6: Greenfield Mall | C6: Chennai | D6: Retail | E6: 38000 | F6: Active | G6: Retail Junction | H6: 2024-01-15 | I6: 1520000
A7: P006 | B7: Greenfield Mall | C7: CHENNAI | D7: Retail | E7: 38000 | F7: vacant
A8: P007 | B8: Harbor View Warehouse | C8: Mumbai | D8: Industrial | E8: 120000 | F8: Active | G8: LogiCore Freight | H8: 2021-09-10 | I8: 3100000
A9: P008 | B9: Harbor View Warehouse | C9: Mumbai | D9: Industrial | E9: 120000 | F9: Active | G9: LogiCore Freight | H9: 2021-09-10 | I9: 3100000
A10: P009 | B10: Lakeview Corporate Center | C10: Pune | D10: Office | E10: 55000 | F10: Active | G10: DataSphere Inc | H10: 2022-06-20 | I10: 2100000
A11: P010 | B11: Lakeview Corporate Center | C11: pune | D11: office | E11: 55000 | F11: Active | G11: DataSphere Inc | H11: 2022-06-20 | I11: 2100000
A12: P011 | B12: Riverside Plaza | C12: Bengaluru | D12: Retail | E12: 29000 | F12: Active | G12: Urban Bazaar | H12: 2023-12-01 | I12: 1150000
A13: P012 | B13: Riverside Plaza | C13: Bengaluru | D13: Retail | E13: 29000 | F13: vacant
A14: P013 | B14: Metro Logistics Hub | C14: Delhi | D14: Industrial | E14: 98000 | F14: Active | G14: SwiftShip Ltd | H14: 2020-03-05 | I14: 2700000
A15: P014 | B15: Metro Logistics Hub | C15: Delhi | D15: industrial | E15: 98000 | F15: Active | G15: SwiftShip Ltd | H15: 2020-03-05 | I15: 2700000
A16: P015 | B16: Crescent IT Park | C16: hyderabad | D16: Office | E16: 71000 | F16: Active | G16: CodeCraft Systems | H16: 2023-07-18 | I16: 2800000
A17: P016 | B17: Crescent IT Park | C17: Hyderabad | D17: Office | E17: 71000 | F17: Active | G17: CodeCraft Systems | H17: 2023-07-18 | I17: 2800000
A18: P017 | B18: Sunrise Retail Court | C18: Chennai | D18: Retail | E18: 21000 | F18: Active | G18: Coastal Mart | H18: 2024-02-10 | I18: 980000
A19: P018 | B19: Sunrise Retail Court | C19: chennai | D19: retail | E19: 21000 | F19: Active | G19: Coastal Mart | H19: 2024-02-10 | I19: 980000
A20: P019 | B20: Pinewood Business Center | C20: Pune | D20: Office | E20: 40000 | F20: Active | G20: NextGen Analytics | H20: 2022-10-01 | I20: 1650000
A21: P020 | B21: Pinewood Business Center | C21: Pune | D21: Office | E21: 40000 | F21: vacant

Sheet Property Data (Modified)
A1: Property ID | B1: Property Name | C1: City | D1: Property Type | E1: Total Area (sqft) | F1: Lease Status | G1: Tenant Name | H1: Lease Start Date | I1: Monthly Rent (INR) | J1: Region | K1: Year | L1: High rent >2,000,000 | M1: Rent per sqft
A2: P001 | B2: Skyline Towers | C2: Bengaluru | D2: Office | E2: 45000 | F2: Active | G2: TechNova Pvt Ltd | H2: 2023-04-01 | I2: 1800000 | J2: =INDEX('City-Region Lookup'!$B$2:$B$7,MATCH('Property Data (Modified)'!C2,'City-Region Lookup'!$A$2:$A$7,0)) -> South | K2: =IF(H2="","",YEAR(H2)) -> 2023 | L2: =IF(I2>2000000,"Yes","No") -> No | M2: =ROUND(I2/E2,2) -> 40
A3: P002 | B3: Skyline Towers | C3: Bengaluru | D3: Office | E3: 45000 | F3: Active | G3: TechNova Pvt Ltd | H3: 2023-04-01 | I3: 1800000 | J3: =INDEX('City-Region Lookup'!$B$2:$B$7,MATCH('Property Data (Modified)'!C3,'City-Region Lookup'!$A$2:$A$7,0)) -> South | K3: =IF(H3="","",YEAR(H3)) -> 2023 | L3: =IF(I3>2000000,"Yes","No") -> No | M3: =ROUND(I3/E3,2) -> 40
A4: P003 | B4: Orion Business Park | C4: Hyderabad | D4: Office | E4: 62000 | F4: Active | G4: Vertex Solutions | H4: 01-11-2022 | I4: 2450000 | J4: =INDEX('City-Region Lookup'!$B$2:$B$7,MATCH('Property Data (Modified)'!C4,'City-Region Lookup'!$A$2:$A$7,0)) -> South | K4: =IF(H4="","",YEAR(H4)) -> 2022 | L4: =IF(I4>2000000,"Yes","No") -> Yes | M4: =ROUND(I4/E4,2) -> 39.52
A5: P004 | B5: Orion Business Park | C5: Hyderabad | D5: Office | E5: 62000 | F5: Active | G5: Vertex Solutions | H5: 01-11-2022 | I5: 2450000 | J5: =INDEX('City-Region Lookup'!$B$2:$B$7,MATCH('Property Data (Modified)'!C5,'City-Region Lookup'!$A$2:$A$7,0)) -> South | K5: =IF(H5="","",YEAR(H5)) -> 2022 | L5: =IF(I5>2000000,"Yes","No") -> Yes | M5: =ROUND(I5/E5,2) -> 39.52
A6: P005 | B6: Greenfield Mall | C6: Chennai | D6: Retail | E6: 38000 | F6: Active | G6: Retail Junction | H6: 2024-01-15 | I6: 1520000 | J6: =INDEX('City-Region Lookup'!$B$2:$B$7,MATCH('Property Data (Modified)'!C6,'City-Region Lookup'!$A$2:$A$7,0)) -> South | K6: =IF(H6="","",YEAR(H6)) -> 2024 | L6: =IF(I6>2000000,"Yes","No") -> No | M6: =ROUND(I6/E6,2) -> 40
A7: P006 | B7: Greenfield Mall | C7: Chennai | D7: Retail | E7: 38000 | F7: Vacant | J7: =INDEX('City-Region Lookup'!$B$2:$B$7,MATCH('Property Data (Modified)'!C7,'City-Region Lookup'!$A$2:$A$7,0)) -> South | K7: =IF(H7="","",YEAR(H7)) | L7: =IF(I7>2000000,"Yes","No") -> No | M7: =ROUND(I7/E7,2) -> 0
A8: P007 | B8: Harbor View Warehouse | C8: Mumbai | D8: Industrial | E8: 120000 | F8: Active | G8: LogiCore Freight | H8: 2021-09-10 | I8: 3100000 | J8: =INDEX('City-Region Lookup'!$B$2:$B$7,MATCH('Property Data (Modified)'!C8,'City-Region Lookup'!$A$2:$A$7,0)) -> West | K8: =IF(H8="","",YEAR(H8)) -> 2021 | L8: =IF(I8>2000000,"Yes","No") -> Yes | M8: =ROUND(I8/E8,2) -> 25.83
A9: P008 | B9: Harbor View Warehouse | C9: Mumbai | D9: Industrial | E9: 120000 | F9: Active | G9: LogiCore Freight | H9: 2021-09-10 | I9: 3100000 | J9: =INDEX('City-Region Lookup'!$B$2:$B$7,MATCH('Property Data (Modified)'!C9,'City-Region Lookup'!$A$2:$A$7,0)) -> West | K9: =IF(H9="","",YEAR(H9)) -> 2021 | L9: =IF(I9>2000000,"Yes","No") -> Yes | M9: =ROUND(I9/E9,2) -> 25.83
A10: P009 | B10: Lakeview Corporate Center | C10: Pune | D10: Office | E10: 55000 | F10: Active | G10: DataSphere Inc | H10: 2022-06-20 | I10: 2100000 | J10: =INDEX('City-Region Lookup'!$B$2:$B$7,MATCH('Property Data (Modified)'!C10,'City-Region Lookup'!$A$2:$A$7,0)) -> West | K10: =IF(H10="","",YEAR(H10)) -> 2022 | L10: =IF(I10>2000000,"Yes","No") -> Yes | M10: =ROUND(I10/E10,2) -> 38.18
A11: P010 | B11: Lakeview Corporate Center | C11: Pune | D11: Office | E11: 55000 | F11: Active | G11: DataSphere Inc | H11: 2022-06-20 | I11: 2100000 | J11: =INDEX('City-Region Lookup'!$B$2:$B$7,MATCH('Property Data (Modified)'!C11,'City-Region Lookup'!$A$2:$A$7,0)) -> West | K11: =IF(H11="","",YEAR(H11)) -> 2022 | L11: =IF(I11>2000000,"Yes","No") -> Yes | M11: =ROUND(I11/E11,2) -> 38.18
A12: P011 | B12: Riverside Plaza | C12: Bengaluru | D12: Retail | E12: 29000 | F12: Active | G12: Urban Bazaar | H12: 2023-12-01 | I12: 1150000 | J12: =INDEX('City-Region Lookup'!$B$2:$B$7,MATCH('Property Data (Modified)'!C12,'City-Region Lookup'!$A$2:$A$7,0)) -> South | K12: =IF(H12="","",YEAR(H12)) -> 2023 | L12: =IF(I12>2000000,"Yes","No") -> No | M12: =ROUND(I12/E12,2) -> 39.66
A13: P012 | B13: Riverside Plaza | C13: Bengaluru | D13: Retail | E13: 29000 | F13: Vacant | J13: =INDEX('City-Region Lookup'!$B$2:$B$7,MATCH('Property Data (Modified)'!C13,'City-Region Lookup'!$A$2:$A$7,0)) -> South | K13: =IF(H13="","",YEAR(H13)) | L13: =IF(I13>2000000,"Yes","No") -> No | M13: =ROUND(I13/E13,2) -> 0
A14: P013 | B14: Metro Logistics Hub | C14: Delhi | D14: Industrial | E14: 98000 | F14: Active | G14: SwiftShip Ltd | H14: 2020-03-05 | I14: 2700000 | J14: =INDEX('City-Region Lookup'!$B$2:$B$7,MATCH('Property Data (Modified)'!C14,'City-Region Lookup'!$A$2:$A$7,0)) -> North | K14: =IF(H14="","",YEAR(H14)) -> 2020 | L14: =IF(I14>2000000,"Yes","No") -> Yes | M14: =ROUND(I14/E14,2) -> 27.55
A15: P014 | B15: Metro Logistics Hub | C15: Delhi | D15: Industrial | E15: 98000 | F15: Active | G15: SwiftShip Ltd | H15: 2020-03-05 | I15: 2700000 | J15: =INDEX('City-Region Lookup'!$B$2:$B$7,MATCH('Property Data (Modified)'!C15,'City-Region Lookup'!$A$2:$A$7,0)) -> North | K15: =IF(H15="","",YEAR(H15)) -> 2020 | L15: =IF(I15>2000000,"Yes","No") -> Yes | M15: =ROUND(I15/E15,2) -> 27.55
A16: P015 | B16: Crescent IT Park | C16: Hyderabad | D16: Office | E16: 71000 | F16: Active | G16: CodeCraft Systems | H16: 2023-07-18 | I16: 2800000 | J16: =INDEX('City-Region Lookup'!$B$2:$B$7,MATCH('Property Data (Modified)'!C16,'City-Region Lookup'!$A$2:$A$7,0)) -> South | K16: =IF(H16="","",YEAR(H16)) -> 2023 | L16: =IF(I16>2000000,"Yes","No") -> Yes | M16: =ROUND(I16/E16,2) -> 39.44
A17: P016 | B17: Crescent IT Park | C17: Hyderabad | D17: Office | E17: 71000 | F17: Active | G17: CodeCraft Systems | H17: 2023-07-18 | I17: 2800000 | J17: =INDEX('City-Region Lookup'!$B$2:$B$7,MATCH('Property Data (Modified)'!C17,'City-Region Lookup'!$A$2:$A$7,0)) -> South | K17: =IF(H17="","",YEAR(H17)) -> 2023 | L17: =IF(I17>2000000,"Yes","No") -> Yes | M17: =ROUND(I17/E17,2) -> 39.44
A18: P017 | B18: Sunrise Retail Court | C18: Chennai | D18: Retail | E18: 21000 | F18: Active | G18: Coastal Mart | H18: 2024-02-10 | I18: 980000 | J18: =INDEX('City-Region Lookup'!$B$2:$B$7,MATCH('Property Data (Modified)'!C18,'City-Region Lookup'!$A$2:$A$7,0)) -> South | K18: =IF(H18="","",YEAR(H18)) -> 2024 | L18: =IF(I18>2000000,"Yes","No") -> No | M18: =ROUND(I18/E18,2) -> 46.67
A19: P018 | B19: Sunrise Retail Court | C19: Chennai | D19: Retail | E19: 21000 | F19: Active | G19: Coastal Mart | H19: 2024-02-10 | I19: 980000 | J19: =INDEX('City-Region Lookup'!$B$2:$B$7,MATCH('Property Data (Modified)'!C19,'City-Region Lookup'!$A$2:$A$7,0)) -> South | K19: =IF(H19="","",YEAR(H19)) -> 2024 | L19: =IF(I19>2000000,"Yes","No") -> No | M19: =ROUND(I19/E19,2) -> 46.67
A20: P019 | B20: Pinewood Business Center | C20: Pune | D20: Office | E20: 40000 | F20: Active | G20: NextGen Analytics | H20: 2022-10-01 | I20: 1650000 | J20: =INDEX('City-Region Lookup'!$B$2:$B$7,MATCH('Property Data (Modified)'!C20,'City-Region Lookup'!$A$2:$A$7,0)) -> West | K20: =IF(H20="","",YEAR(H20)) -> 2022 | L20: =IF(I20>2000000,"Yes","No") -> No | M20: =ROUND(I20/E20,2) -> 41.25
A21: P020 | B21: Pinewood Business Center | C21: Pune | D21: Office | E21: 40000 | F21: Vacant | J21: =INDEX('City-Region Lookup'!$B$2:$B$7,MATCH('Property Data (Modified)'!C21,'City-Region Lookup'!$A$2:$A$7,0)) -> West | K21: =IF(H21="","",YEAR(H21)) | L21: =IF(I21>2000000,"Yes","No") -> No | M21: =ROUND(I21/E21,2) -> 0
A25: Identify duplicate property records (same Property Name + City + Lease Start Date) using COUNTIFS. | B25: =COUNTIFS($B$2:$B$21,B2,$C$2:$C$21,C2,$H$2:$H$21,H2) -> 2
A26: Count how many properties are Active vs Vacant per Property Type using COUNTIFS.
B27: Active | C27: Vacant
A28: Office | B28: =COUNTIFS(D2:D21,"Office",F2:F21,"Active") -> 9 | C28: =COUNTIFS(D2:D21,"Office",F2:F21,"Vacant") -> 1
A29: Retail | B29: =COUNTIFS(D2:D21,"Retail",F2:F21,"Active") -> 4 | C29: =COUNTIFS(D2:D21,"Retail",F2:F21,"Vacant") -> 2
A30: Industrial | B30: =COUNTIFS(D2:D21,"Industrial",F2:F21,"Active") -> 4 | C30: =COUNTIFS(D2:D21,"Industrial",F2:F21,"Vacant") -> 0

Sheet City-Region Lookup
A1: City | B1: Region
A2: Bengaluru | B2: South
A3: Hyderabad | B3: South
A4: Chennai | B4: South
A5: Mumbai | B5: West
A6: Pune | B6: West
A7: Delhi | B7: North

Sheet City-Region Lookup (Modified)
A1: City | B1: Region | C1: Total Monthly Rent
A2: Bengaluru | B2: South | C2: =SUMIFS('Property Data (Modified)'!$I$2:$I$21,'Property Data (Modified)'!$C$2:$C$21,'City-Region Lookup (Modified)'!A2,'Property Data (Modified)'!$F$2:$F$21,"Active") -> 4750000
A3: Hyderabad | B3: South | C3: =SUMIFS('Property Data (Modified)'!$I$2:$I$21,'Property Data (Modified)'!$C$2:$C$21,'City-Region Lookup (Modified)'!A3,'Property Data (Modified)'!$F$2:$F$21,"Active") -> 10500000
A4: Chennai | B4: South | C4: =SUMIFS('Property Data (Modified)'!$I$2:$I$21,'Property Data (Modified)'!$C$2:$C$21,'City-Region Lookup (Modified)'!A4,'Property Data (Modified)'!$F$2:$F$21,"Active") -> 3480000
A5: Mumbai | B5: West | C5: =SUMIFS('Property Data (Modified)'!$I$2:$I$21,'Property Data (Modified)'!$C$2:$C$21,'City-Region Lookup (Modified)'!A5,'Property Data (Modified)'!$F$2:$F$21,"Active") -> 6200000
A6: Pune | B6: West | C6: =SUMIFS('Property Data (Modified)'!$I$2:$I$21,'Property Data (Modified)'!$C$2:$C$21,'City-Region Lookup (Modified)'!A6,'Property Data (Modified)'!$F$2:$F$21,"Active") -> 5850000
A7: Delhi | B7: North | C7: =SUMIFS('Property Data (Modified)'!$I$2:$I$21,'Property Data (Modified)'!$C$2:$C$21,'City-Region Lookup (Modified)'!A7,'Property Data (Modified)'!$F$2:$F$21,"Active") -> 5400000

Sheet Pivot Table
A1: Build a Pivot Table: Total Area by Property Type and City.
A3: Property Type | B3: Sum of Total Area (sqft)
A4: Industrial | B4: 436000
A5: Delhi | B5: 196000
A6: Mumbai | B6: 240000
A7: Office | B7: 546000
A8: Bengaluru | B8: 90000
A9: Hyderabad | B9: 266000
A10: Pune | B10: 190000
A11: Retail | B11: 176000
A12: Bengaluru | B12: 58000
A13: Chennai | B13: 118000
A14: Grand Total | B14: 1158000

Sheet Practice Tasks
A1: Excel Assessment - Practice Tasks
A4: 1 | B4: Clean 'City' into a new column: trim extra spaces and fix casing to Proper Case (TRIM + PROPER).
A5: 2 | B5: Clean 'Property Type' the same way, and standardize 'Lease Status' to Proper Case.
A6: 3 | B6: Identify duplicate property records (same Property Name + City + Lease Start Date) using COUNTIFS. | C6: 2
A7: 4 | B7: Remove true duplicate rows, keeping one record per property.
A8: 5 | B8: Use INDEX/MATCH to pull each property's Region from the 'City-Region Lookup' sheet.
A9: 6 | B9: Calculate total Monthly Rent by City using SUMIFS (active leases only).
A10: 7 | B10: Count how many properties are Active vs Vacant per Property Type using COUNTIFS.
A11: 8 | B11: Extract the Year from 'Lease Start Date' for each active lease using YEAR().
A12: 9 | B12: Flag properties with Monthly Rent above ₹2,000,000 using an IF formula.
A13: 10 | B13: Calculate Rent per sqft (Monthly Rent / Total Area) for active leases
A14: 11 | B14: Build a Pivot Table: Total Area by Property Type and City.
A15: 12 | B15: Apply conditional formatting to highlight Monthly Rent above ₹2,500,000.
